{
  "accuracy": [
    0.03442208468914032,
    0.11976245790719986,
    0.2862641513347626,
    0.44407784938812256,
    0.5915539264678955,
    0.672825276851654,
    0.7436489462852478,
    0.7928076386451721,
    0.8299791216850281,
    0.8553832769393921,
    0.8764984011650085,
    0.8959639072418213,
    0.9135598540306091,
    0.9257670640945435,
    0.9267568588256836,
    0.9392939805984497,
    0.9399538040161133,
    0.9430330991744995,
    0.969866931438446,
    0.975145697593689,
    0.973825991153717,
    0.9773452281951904,
    0.978554904460907,
    0.9795446991920471,
    0.9876828193664551,
    0.9879027605056763,
    0.98955237865448,
    0.9914219975471497,
    0.9882327318191528,
    0.9934015274047852,
    0.9946112632751465
  ],
  "loss": [
    4.625634670257568,
    3.77756667137146,
    3.0305697917938232,
    2.41837215423584,
    1.9662989377975464,
    1.685451626777649,
    1.485041618347168,
    1.3402647972106934,
    1.2390364408493042,
    1.168582558631897,
    1.1089000701904297,
    1.046703815460205,
    1.005574107170105,
    0.9668125510215759,
    0.9544637203216553,
    0.924538791179657,
    0.9068692326545715,
    0.9036447405815125,
    0.8108963370323181,
    0.7797320485115051,
    0.7750970125198364,
    0.7556596994400024,
    0.7456375360488892,
    0.7349625825881958,
    0.706663191318512,
    0.6966186165809631,
    0.6868388652801514,
    0.6766356229782104,
    0.6793292760848999,
    0.6614599227905273,
    0.6554238796234131
  ],
  "top3": [
    0.08808974176645279,
    0.2769162952899933,
    0.5199604034423828,
    0.7102166414260864,
    0.8363576531410217,
    0.8934345245361328,
    0.9268668293952942,
    0.9493016600608826,
    0.9634883999824524,
    0.9718464612960815,
    0.9761354923248291,
    0.9833938479423523,
    0.9865831136703491,
    0.988452672958374,
    0.9913120269775391,
    0.9915319681167603,
    0.9934015274047852,
    0.9927416443824768,
    0.9976905584335327,
    0.9992302060127258,
    0.9982404112815857,
    0.9993401765823364,
    0.9996700882911682,
    0.9990102052688599,
    0.9997800588607788,
    0.9997800588607788,
    0.9998900294303894,
    0.9998900294303894,
    0.9993401765823364,
    1.0,
    1.0
  ],
  "val_accuracy": [
    0.045694202184677124,
    0.06942003220319748,
    0.056239016354084015,
    0.10369068384170532,
    0.2864674925804138,
    0.25659051537513733,
    0.24780316650867462,
    0.1836555302143097,
    0.5377855896949768,
    0.09841828048229218,
    0.2811950743198395,
    0.20474517345428467,
    0.5553602576255798,
    0.42003515362739563,
    0.30228471755981445,
    0.24165202677249908,
    0.4050966501235962,
    0.4033391773700714,
    0.8163444399833679,
    0.5123022794723511,
    0.6748681664466858,
    0.57469242811203,
    0.4622144103050232,
    0.5140597820281982,
    0.6959578394889832,
    0.6652020812034607,
    0.6239016056060791,
    0.5254833102226257,
    0.4595782160758972,
    0.5913884043693542,
    0.6564147472381592
  ],
  "val_loss": [
    4.362524509429932,
    3.9346110820770264,
    4.428620338439941,
    4.122402191162109,
    3.0522208213806152,
    3.412881374359131,
    4.162095546722412,
    4.827822685241699,
    2.2211475372314453,
    5.221741676330566,
    3.3571527004241943,
    4.334681987762451,
    2.183469772338867,
    2.782911777496338,
    3.604642868041992,
    4.1742262840271,
    2.997255802154541,
    2.826042413711548,
    1.285741925239563,
    2.4804251194000244,
    1.7442985773086548,
    2.1359870433807373,
    2.749126672744751,
    2.4481921195983887,
    1.672846794128418,
    1.9025014638900757,
    2.086338520050049,
    2.4924373626708984,
    2.6983206272125244,
    2.0955405235290527,
    1.781148910522461
  ],
  "val_top3": [
    0.11247803270816803,
    0.1933216154575348,
    0.16168716549873352,
    0.231985941529274,
    0.5035149455070496,
    0.4718804955482483,
    0.40685412287712097,
    0.32161685824394226,
    0.7706502676010132,
    0.23286467790603638,
    0.5237258076667786,
    0.38137081265449524,
    0.7970123291015625,
    0.6414762735366821,
    0.505272388458252,
    0.4033391773700714,
    0.6520211100578308,
    0.6511423587799072,
    0.9463971853256226,
    0.7205623984336853,
    0.8637961149215698,
    0.8216168880462646,
    0.6827768087387085,
    0.6950790882110596,
    0.8673110604286194,
    0.8400703072547913,
    0.8005272150039673,
    0.7398945689201355,
    0.7152900099754333,
    0.8075571060180664,
    0.8523725867271423
  ],
  "learning_rate": [
    0.0005000000237487257,
    0.0005000000237487257,
    0.0005000000237487257,
    0.0005000000237487257,
    0.0005000000237487257,
    0.0005000000237487257,
    0.0005000000237487257,
    0.0005000000237487257,
    0.0005000000237487257,
    0.0005000000237487257,
    0.0005000000237487257,
    0.0005000000237487257,
    0.0005000000237487257,
    0.0005000000237487257,
    0.0005000000237487257,
    0.0005000000237487257,
    0.0005000000237487257,
    0.0005000000237487257,
    0.0002500000118743628,
    0.0002500000118743628,
    0.0002500000118743628,
    0.0002500000118743628,
    0.0002500000118743628,
    0.0002500000118743628,
    0.0001250000059371814,
    0.0001250000059371814,
    0.0001250000059371814,
    0.0001250000059371814,
    0.0001250000059371814,
    6.25000029685907e-05,
    6.25000029685907e-05
  ]
}